2016-03-15 14:17:57 +0000,694
2016-03-15 15:16:55 +0100,684
2016-03-15 12:38:44 +0100,684
2016-03-15 12:35:25 +0100,684
2016-03-15 12:31:59 +0100,684
2016-03-15 12:28:49 +0100,684
2016-03-15 12:22:03 +0100,684
2016-03-15 12:18:23 +0100,684
2016-03-14 15:06:18 -0700,684
2016-03-10 14:19:11 +0100,684
2016-03-10 14:14:22 +0100,684
2016-03-10 14:13:32 +0100,684
2016-03-03 17:05:24 -0500,684
2016-03-02 16:23:48 -0500,684
2016-03-02 16:04:02 -0500,684
2016-03-02 15:26:33 -0500,684
2016-02-29 11:38:05 -0800,684
2016-02-26 20:16:31 -0800,684
2016-02-26 22:38:42 -0500,684
2016-02-25 15:34:16 +0000,684
2016-02-25 16:32:43 +0100,683
2016-02-25 16:27:59 +0100,683
2016-02-25 14:50:22 +0100,683
2016-02-24 15:22:05 +0000,683
2016-02-24 16:21:06 +0100,683
2016-02-24 04:59:03 -0500,683
2016-02-23 13:26:01 +0000,683
2016-02-23 14:24:58 +0100,682
2016-02-23 13:26:52 +0100,682
2016-02-23 13:23:36 +0100,682
2016-02-23 13:20:16 +0100,682
2016-02-17 12:15:18 +0100,682
2016-02-16 15:17:10 -0800,682
2016-02-16 15:13:19 -0800,682
2016-02-16 12:32:33 +0000,682
2016-02-16 13:31:25 +0100,667
2016-02-16 13:27:01 +0100,667
2016-02-16 13:01:30 +0100,667
2016-02-16 12:35:40 +0100,667
2016-02-16 12:31:49 +0100,667
2016-02-16 11:45:42 +0100,667
2016-02-15 20:33:29 -0800,667
2016-02-12 18:57:41 +0000,667
2016-02-12 18:55:59 +0000,667
2016-02-12 18:55:15 +0000,667
2016-02-08 09:45:16 -0500,667
2016-02-08 09:33:12 -0500,667
2016-02-05 11:06:21 +0000,667
2016-02-05 12:04:49 +0100,651
2016-02-05 11:57:02 +0100,651
2016-02-05 11:36:24 +0100,651
2016-02-05 11:32:45 +0100,651
2016-02-05 11:30:06 +0100,651
2016-02-05 11:27:10 +0100,651
2016-02-05 11:24:44 +0100,651
2016-02-05 11:22:09 +0100,651
2016-02-05 11:15:06 +0100,651
2016-02-05 11:08:02 +0100,651
2016-02-05 11:01:41 +0100,651
2016-02-05 10:56:46 +0100,651
2016-02-05 10:51:50 +0100,651
2016-02-05 10:48:22 +0100,651
2016-02-05 10:21:21 +0100,651
2016-02-04 15:23:58 +0100,651
2016-02-04 15:15:36 +0100,651
2016-02-03 11:41:29 +0000,651
2016-02-03 12:40:00 +0100,640
2016-02-03 12:37:35 +0100,640
2016-02-03 12:35:04 +0100,640
2016-02-03 12:28:34 +0100,640
2016-02-03 12:23:55 +0100,640
2016-02-01 16:43:05 +0100,640
2016-02-01 16:29:56 +0100,640
2016-02-01 15:13:20 +0100,640
2016-02-01 15:09:00 +0100,640
2016-02-01 15:00:22 +0100,640
2016-02-01 14:56:11 +0100,640
2016-02-01 14:51:37 +0100,640
2016-01-25 14:16:50 +0000,640
2016-01-25 15:14:23 +0100,637
2016-01-25 14:52:39 +0100,637
2016-01-25 14:32:20 +0100,637
2016-01-25 14:06:36 +0100,637
2016-01-25 14:06:01 +0100,637
2016-01-24 20:49:49 +0700,637
2016-01-24 00:59:59 +0100,637
2016-01-22 23:24:21 -0500,637
2016-01-22 15:49:53 +0000,637
2016-01-22 16:48:44 +0100,613
2016-01-22 16:44:56 +0100,613
2016-01-22 16:41:00 +0100,613
2016-01-22 14:50:21 +0100,613
2016-01-22 14:47:28 +0100,613
2016-01-22 13:48:10 +0100,613
2016-01-22 13:41:20 +0100,613
2016-01-20 11:32:54 -0600,613
2016-01-19 10:43:33 +0100,613
2016-01-16 14:58:39 +0100,613
2016-01-16 14:58:39 +0100,613
2016-01-16 14:58:39 +0100,613
2016-01-16 14:58:38 +0100,613
2016-01-16 14:58:38 +0100,613
2016-01-16 14:58:38 +0100,613
2016-01-16 14:58:38 +0100,613
2016-01-16 14:58:38 +0100,613
2016-01-16 13:56:22 +0100,613
2016-01-16 13:27:30 +0100,613
2016-01-16 13:25:47 +0100,613
2016-01-16 13:23:55 +0100,613
2016-01-16 13:21:18 +0100,613
2016-01-16 13:19:36 +0100,613
2016-01-16 00:01:53 +0100,613
2016-01-15 23:59:44 +0100,613
2016-01-15 23:56:57 +0100,613
2016-01-15 23:55:31 +0100,613
2016-01-15 15:22:45 +0000,613
2016-01-15 16:21:41 +0100,600
2016-01-15 16:19:30 +0100,600
2016-01-15 16:18:41 +0100,600
2016-01-15 16:18:10 +0100,600
2016-01-15 16:16:38 +0100,600
2016-01-15 16:12:51 +0100,600
2016-01-15 16:11:50 +0100,600
2016-01-15 16:10:53 +0100,600
2016-01-15 16:10:01 +0100,600
2016-01-15 14:22:46 +0200,600
2016-01-15 14:11:33 +0200,600
2016-01-15 14:04:32 +0200,600
2016-01-15 06:31:25 -0500,600
2016-01-15 06:28:41 -0500,600
2016-01-15 12:09:58 +0100,600
2016-01-14 01:20:23 +0100,600
2016-01-11 17:41:26 +0100,600
2016-01-11 17:39:58 +0100,600
2016-01-11 17:39:58 +0100,600
2016-01-11 17:35:25 +0100,600
2016-01-11 17:25:28 +0100,600
2016-01-11 17:22:23 +0100,600
2016-01-11 16:55:10 +0100,600
2016-01-11 16:39:31 +0100,600
2016-01-11 16:39:31 +0100,600
2016-01-11 16:29:19 +0100,600
2016-01-11 16:27:56 +0100,600
2016-01-11 16:26:27 +0100,600
2016-01-11 15:15:51 +0700,600
2016-01-11 15:04:47 +0700,600
2016-01-11 14:59:57 +0700,600
2016-01-11 14:50:33 +0700,600
2016-01-11 14:31:54 +0700,600
2016-01-10 22:20:32 +0100,600
2016-01-10 17:38:57 -0200,600
2016-01-08 14:49:40 +0000,600
2016-01-08 15:48:57 +0100,598
2016-01-08 15:45:57 +0100,598
2016-01-05 14:48:52 -0500,598
2016-01-05 09:17:34 -0700,598
2016-01-05 08:17:04 -0800,598
2016-01-05 14:10:07 +0000,598
2016-01-05 15:09:24 +0100,595
2016-01-05 15:06:01 +0100,595
2016-01-05 14:59:17 +0100,595
2016-01-05 14:54:06 +0100,595
2015-12-17 17:21:33 +0000,595
2015-12-17 18:20:50 +0100,591
2015-12-17 18:14:55 +0100,591
2015-12-17 17:35:02 +0100,591
2015-12-17 17:30:33 +0100,591
2015-12-17 16:00:58 +0100,591
2015-12-08 15:15:22 +0000,591
2015-12-08 16:14:39 +0100,584
2015-12-08 16:10:52 +0100,584
2015-12-08 16:06:10 +0100,584
2015-12-08 15:59:58 +0100,584
2015-12-07 16:59:54 +0100,581
2015-12-07 16:19:18 +0100,581
2015-12-07 16:06:14 +0100,581
2015-12-07 14:47:59 +0000,584
2015-12-07 15:47:13 +0100,581
2015-12-07 15:45:49 +0100,581
2015-12-07 15:42:53 +0100,581
2015-12-07 15:17:33 +0100,581
2015-12-07 15:13:11 +0100,581
2015-12-07 15:11:46 +0100,581
2015-12-07 15:09:34 +0100,581
2015-12-07 15:08:44 +0100,581
2015-12-07 15:06:06 +0100,581
2015-12-03 10:49:17 +0000,581
2015-12-03 11:48:35 +0100,579
2015-12-03 00:09:29 +0800,579
2015-12-02 23:48:32 +0800,579
2015-12-01 13:52:57 +0100,579
2015-11-27 23:06:16 -0500,579
2015-11-27 22:51:42 -0500,579
2015-11-16 15:03:45 -0600,579
2015-11-06 15:28:26 +0000,579
2015-11-06 16:27:44 +0100,576
2015-11-06 16:23:57 +0100,576
2015-11-06 16:11:49 +0100,576
2015-11-03 22:55:10 +0100,576
2015-11-03 20:24:35 +0100,576
2015-10-30 13:44:14 +0000,576
2015-10-30 14:43:31 +0100,572
2015-10-30 14:42:03 +0100,572
2015-10-30 14:36:44 +0100,572
2015-10-30 14:04:21 +0100,572
2015-10-30 14:00:48 +0100,572
2015-10-30 13:57:00 +0100,572
2015-10-29 14:01:19 +0000,572
2015-10-29 14:58:28 +0100,565
2015-10-28 15:36:43 +0100,565
2015-10-28 15:33:31 +0100,565
2015-10-28 15:23:49 +0100,565
2015-10-28 15:00:12 +0100,565
2015-10-28 15:53:52 +0800,565
2015-10-28 15:49:36 +0800,565
2015-10-28 15:46:59 +0800,565
2015-10-27 15:15:24 +0800,565
2015-10-27 14:50:18 +0800,565
2015-10-27 12:44:16 +0800,565
2015-10-24 19:19:19 -0400,565
2015-10-24 18:59:21 -0400,565
2015-10-23 14:02:41 +0000,565
2015-10-23 16:02:11 +0200,560
2015-10-23 15:58:46 +0200,560
2015-10-21 17:16:48 -0400,560
2015-09-30 15:31:29 +0000,560
2015-09-30 17:31:03 +0200,559
2015-09-30 17:29:11 +0200,559
2015-09-25 10:41:57 +0000,559
2015-09-25 06:40:51 -0400,559
2015-09-25 08:27:23 +0000,559
2015-09-25 10:27:01 +0200,556
2015-09-25 10:25:05 +0200,556
2015-09-25 10:21:36 +0200,556
2015-09-25 09:59:16 +0200,556
2015-09-21 17:40:20 -0300,556
2015-09-20 09:08:59 +0200,556
2015-09-19 16:34:47 +0200,556
2015-09-18 10:32:59 +0000,556
2015-09-18 12:32:36 +0200,554
2015-09-18 12:31:40 +0200,554
2015-09-18 12:29:11 +0200,554
2015-09-18 12:25:09 +0200,554
2015-09-11 10:58:03 +0000,554
2015-09-11 12:57:39 +0200,552
2015-09-11 12:55:36 +0200,552
2015-09-11 12:28:13 +0200,552
2015-09-09 16:35:53 +0200,546
2015-09-09 16:30:53 +0200,546
2015-09-08 15:24:38 +0530,552
2015-09-04 16:25:06 -0400,552
2015-09-04 16:23:20 -0400,552
2015-09-03 15:02:00 -0400,552
2015-09-03 14:59:40 -0400,552
2015-09-03 12:45:59 +0000,552
2015-09-03 13:50:13 +0200,551
2015-08-27 19:58:49 +0200,551
2015-08-24 11:50:39 +0000,551
2015-08-24 13:50:13 +0200,546
2015-08-24 13:47:14 +0200,546
2015-08-24 13:45:43 +0200,546
2015-08-22 12:59:01 -0700,546
2015-08-19 10:08:43 +0200,546
2015-08-19 10:02:07 +0200,546
2015-08-14 13:06:58 +0000,546
2015-08-14 15:06:34 +0200,538
2015-08-14 15:03:45 +0200,538
2015-08-14 14:59:55 +0200,538
2015-08-14 14:56:36 +0200,538
2015-08-14 14:30:31 +0200,538
2015-08-14 14:29:59 +0200,538
2015-08-14 14:29:17 +0200,538
2015-08-14 14:28:20 +0200,538
2015-08-14 14:26:19 +0200,538
2015-08-12 16:22:31 +0300,538
2015-08-11 16:24:44 -0400,538
2015-08-06 11:13:40 +0100,538
2015-08-06 10:54:44 +0100,538
2015-08-03 09:44:00 +0200,538
2015-07-31 10:24:49 -0500,538
2015-07-30 14:37:21 +0000,538
2015-07-30 16:36:54 +0200,529
2015-07-30 16:35:25 +0200,529
2015-07-30 16:29:03 +0200,529
2015-07-30 16:26:20 +0200,529
2015-07-30 16:21:41 +0200,529
2015-07-30 16:11:30 +0200,529
2015-07-30 16:10:46 +0200,529
2015-07-30 16:10:10 +0200,529
2015-07-30 16:09:28 +0200,529
2015-07-30 16:05:12 +0200,529
2015-07-30 16:01:52 +0200,529
2015-07-30 14:25:30 +0200,529
2015-07-28 17:20:19 +0200,529
2015-07-27 09:36:31 -0700,529
2015-07-24 10:37:02 +0200,529
2015-07-19 14:17:38 -0400,529
2015-07-19 14:16:16 -0400,529
2015-07-19 14:12:56 -0400,529
2015-07-17 14:35:56 +0000,529
2015-07-17 16:35:27 +0200,522
2015-07-17 16:28:43 +0200,522
2015-07-17 16:17:26 +0200,522
2015-07-17 16:04:47 +0200,522
2015-07-17 14:06:02 +0200,522
2015-07-17 14:03:11 +0200,522
2015-07-17 14:01:18 +0200,522
2015-07-14 10:44:29 +0200,522
2015-07-11 11:39:55 +0000,522
2015-07-11 07:39:26 -0400,522
2015-07-10 15:35:44 +0000,522
2015-07-10 17:35:03 +0200,512
2015-07-10 17:29:33 +0200,512
2015-07-10 17:27:42 +0200,512
2015-07-10 17:25:10 +0200,512
2015-07-10 17:15:41 +0200,512
2015-07-10 17:12:02 +0200,512
2015-07-10 17:09:01 +0200,512
2015-07-10 17:04:33 +0200,512
2015-07-10 17:00:37 +0200,512
2015-07-10 16:59:00 +0200,512
2015-07-10 16:54:26 +0200,512
2015-07-10 16:51:36 +0200,512
2015-07-10 16:43:28 +0200,512
2015-07-10 16:40:56 +0200,512
2015-07-10 16:38:50 +0200,512
2015-07-10 16:34:52 +0200,512
2015-07-10 16:32:30 +0200,512
2015-07-06 21:25:31 -0400,512
2015-07-04 22:38:51 +0000,512
2015-07-04 18:38:17 -0400,512
2015-07-02 09:19:47 -0700,512
2015-07-01 10:50:05 -0300,512
2015-06-30 22:16:35 -0500,512
2015-06-25 13:28:43 +0000,512
2015-06-25 15:28:11 +0200,506
2015-06-25 15:22:52 +0200,501
2015-06-25 14:33:03 +0200,501
2015-06-25 14:19:02 +0200,501
2015-06-25 14:13:35 +0200,501
2015-06-25 14:10:57 +0200,501
2015-06-24 16:32:51 +0200,501
2015-06-24 16:28:49 +0200,501
2015-06-22 15:15:02 +0000,506
2015-06-22 17:14:35 +0200,501
2015-06-22 16:50:36 +0200,501
2015-06-22 16:50:02 +0200,501
2015-06-22 16:49:25 +0200,501
2015-06-22 16:47:59 +0200,501
2015-06-22 16:46:30 +0200,501
2015-06-22 16:40:56 +0200,501
2015-06-17 16:43:06 +0200,501
2015-06-10 19:19:15 -0700,424
2015-06-09 10:35:40 -0500,501
2015-06-09 09:53:33 +0200,501
2015-06-03 16:13:35 -0400,501
2015-05-27 14:48:20 +0000,501
2015-05-27 16:47:36 +0200,495
2015-05-27 16:45:51 +0200,495
2015-05-27 16:42:12 +0200,495
2015-05-27 16:33:21 +0200,495
2015-05-27 16:11:47 +0200,495
2015-05-27 15:59:36 +0200,495
2015-05-27 15:56:12 +0200,495
2015-05-27 15:51:55 +0200,495
2015-05-27 15:47:01 +0200,495
2015-05-27 12:37:46 +0000,495
2015-05-27 14:37:19 +0200,493
2015-05-27 14:25:13 +0200,493
2015-05-27 14:12:31 +0200,493
2015-05-27 14:12:26 +0200,493
2015-05-27 14:08:00 +0200,493
2015-05-27 14:02:22 +0200,493
2015-05-27 13:59:38 +0200,493
2015-05-25 16:58:46 -0500,493
2015-05-19 17:55:48 +0200,493
2015-05-19 17:49:31 +0200,493
2015-05-19 17:42:56 +0200,493
2015-05-18 21:47:55 +0200,493
2015-05-18 21:39:05 +0200,493
2015-05-15 10:57:24 -0700,493
2015-05-12 16:28:15 +0000,493
2015-05-12 18:27:51 +0200,492
2015-05-12 18:24:24 +0200,492
2015-05-12 16:08:53 +0000,492
2015-05-12 18:08:25 +0200,488
2015-05-12 17:54:39 +0200,488
2015-05-12 17:39:43 +0200,488
2015-05-12 17:37:18 +0200,488
2015-05-12 17:34:35 +0200,488
2015-05-12 17:10:39 +0200,488
2015-05-12 13:36:09 +0000,488
2015-05-12 15:35:08 +0200,482
2015-05-12 15:32:48 +0200,482
2015-05-12 15:29:35 +0200,482
2015-05-12 15:25:07 +0200,482
2015-05-12 15:18:21 +0200,482
2015-05-12 15:05:35 +0200,482
2015-05-12 14:59:22 +0200,482
2015-05-12 14:58:37 +0200,482
2015-05-12 14:55:16 +0200,482
2015-05-12 14:46:41 +0200,482
2015-05-12 14:27:25 +0200,482
2015-05-12 12:07:43 +0000,482
2015-05-12 14:07:13 +0200,478
2015-05-12 13:58:50 +0200,478
2015-05-12 13:54:05 +0200,478
2015-05-12 13:47:43 +0200,478
2015-05-12 13:43:07 +0200,478
2015-05-12 13:32:21 +0200,478
2015-05-12 12:12:58 +0200,478
2015-05-12 12:10:03 +0200,478
2015-05-12 09:36:02 +0000,478
2015-05-12 11:35:37 +0200,475
2015-05-11 17:49:58 +0200,475
2015-05-11 17:49:08 +0200,475
2015-05-11 17:43:40 +0200,475
2015-05-11 17:15:25 +0200,475
2015-05-11 17:14:25 +0200,475
2015-05-11 17:11:54 +0200,475
2015-05-11 17:09:50 +0200,475
2015-05-11 17:02:20 +0200,475
2015-05-11 16:56:51 +0200,475
2015-05-11 14:44:42 +0000,475
2015-05-11 16:44:13 +0200,474
2015-05-11 14:41:00 +0000,474
2015-05-11 16:40:39 +0200,473
2015-05-11 14:36:05 +0000,473
2015-05-11 16:35:43 +0200,472
2015-05-11 14:25:20 +0000,472
2015-05-11 16:24:47 +0200,471
2015-05-10 18:19:09 +0200,471
2015-05-06 14:50:11 -0400,471
2015-05-05 22:42:11 +0800,471
2015-04-30 14:31:21 -0400,471
2015-04-30 11:50:04 -0400,471
2015-04-27 23:28:28 +0800,471
2015-04-27 10:55:27 +0000,471
2015-04-27 06:54:58 -0400,471
2015-04-23 12:33:08 +0100,471
2015-04-21 10:14:12 +0100,471
2015-04-20 11:58:00 -0300,471
2015-04-15 18:22:01 +0300,471
2015-04-10 14:11:10 +0530,471
2015-04-05 22:09:35 +0000,471
2015-04-05 18:09:10 -0400,470
2015-04-04 13:14:45 +0200,470
2015-04-01 18:25:07 -0400,470
2015-04-01 16:43:27 -0400,470
2015-04-01 11:33:55 +0000,470
2015-04-01 07:33:30 -0400,469
2015-04-01 11:29:54 +0000,469
2015-04-01 07:29:29 -0400,468
2015-04-01 11:28:15 +0000,468
2015-04-01 07:27:51 -0400,467
2015-03-25 22:51:17 +0000,467
2015-03-25 18:50:53 -0400,466
2015-03-25 23:35:24 +0100,466
2015-03-23 11:49:21 +0000,466
2015-03-23 07:48:58 -0400,465
2015-03-20 15:32:29 +0000,465
2015-03-20 11:31:46 -0400,464
2015-03-19 14:27:12 +0000,464
2015-03-19 10:25:47 -0400,463
2015-03-19 12:57:00 +0200,463
2015-03-18 11:35:25 +0000,463
2015-03-18 07:34:39 -0400,462
2015-03-16 17:01:42 +0000,462
2015-03-16 13:01:15 -0400,461
2015-03-13 10:59:35 +0000,461
2015-03-13 06:59:06 -0400,460
2015-03-12 20:48:22 -0600,460
2015-03-12 10:46:54 +0000,460
2015-03-12 06:46:29 -0400,459
2015-03-11 23:30:35 -0400,455
2015-03-11 23:29:05 -0400,455
2015-03-11 15:16:40 +0000,459
2015-03-11 11:16:18 -0400,458
2015-03-11 10:46:07 -0400,455
2015-03-11 14:25:35 +0000,458
2015-03-11 10:23:06 -0400,457
2015-03-11 14:21:15 +0000,457
2015-03-11 10:20:56 -0400,455
2015-03-11 10:20:33 -0400,455
2015-03-11 10:11:06 -0400,455
2015-03-06 14:07:35 +0000,455
2015-03-06 09:07:04 -0500,455
2015-03-06 08:00:22 -0600,454
2015-03-06 13:42:16 +0000,455
2015-03-06 08:41:09 -0500,454
2015-03-06 14:33:12 +0100,454
2015-03-06 14:28:50 +0100,454
2015-03-05 22:04:51 +0000,454
2015-03-05 17:04:59 +0000,454
2015-03-04 12:05:21 +0000,454
2015-03-04 07:04:50 -0500,452
2015-03-04 13:47:50 +0200,452
2015-02-24 14:05:58 +0000,452
2015-02-24 09:04:51 -0500,451
2015-02-24 10:33:23 +0545,451
2015-02-22 23:40:34 +0000,451
2015-02-22 18:40:10 -0500,450
2015-02-22 23:28:42 +0100,450
2015-02-21 11:04:42 +0000,450
2015-02-21 06:04:20 -0500,450
2015-02-21 11:03:48 +0000,450
2015-02-21 06:03:26 -0500,448
2015-02-21 10:06:31 +0200,448
2015-02-20 21:35:30 -0800,448
2015-02-20 15:09:31 +0000,448
2015-02-20 10:09:11 -0500,447
2015-02-20 16:01:53 +0100,447
2015-02-18 22:28:07 +0000,447
2015-02-18 17:27:34 -0500,446
2015-02-18 17:26:26 -0500,446
2015-02-18 12:42:05 +0000,446
2015-02-18 07:41:44 -0500,439
2015-02-18 07:40:46 -0500,439
2015-02-18 07:39:59 -0500,439
2015-02-18 07:39:00 -0500,439
2015-02-18 07:38:07 -0500,439
2015-02-18 07:37:10 -0500,439
2015-02-18 07:36:11 -0500,439
2015-02-16 15:47:46 +0000,439
2015-02-16 10:47:23 -0500,439
2015-02-16 15:44:41 +0000,439
2015-02-16 10:44:04 -0500,439
2015-02-13 15:57:10 +0000,439
2015-02-13 10:56:50 -0500,438
2015-02-12 10:15:54 -0500,438
2015-02-12 10:14:38 -0500,438
2015-02-12 10:14:17 -0500,438
2015-02-12 15:13:04 +0000,438
2015-02-12 10:12:43 -0500,438
2015-02-12 15:12:08 +0000,438
2015-02-12 10:11:47 -0500,437
2015-02-12 15:10:39 +0000,437
2015-02-12 10:10:13 -0500,437
2015-02-10 12:23:29 +0000,437
2015-02-10 07:22:25 -0500,436
2015-02-10 10:59:25 +0100,436
2015-02-05 09:45:22 +0000,436
2015-02-05 04:44:56 -0500,436
2015-02-05 10:24:27 +0100,436
2015-02-04 12:21:22 +0000,436
2015-02-04 07:21:02 -0500,432
2015-02-04 11:21:40 +0100,432
2015-02-04 11:18:53 +0100,432
2015-02-03 18:07:36 +0000,432
2015-02-03 13:06:55 -0500,431
2015-02-03 18:55:38 +0100,431
2015-02-02 21:28:50 +0000,431
2015-02-02 16:26:53 -0500,430
2015-02-02 15:26:07 -0600,430
2015-02-02 12:37:25 -0500,430
2015-02-02 12:34:36 +0000,430
2015-02-02 07:34:11 -0500,429
2015-01-28 11:52:20 +0000,429
2015-01-28 06:52:01 -0500,426
2015-01-28 11:09:30 +0200,426
2015-01-27 00:29:37 +0000,426
2015-01-26 19:29:15 -0500,426
2015-01-25 18:14:18 -0500,426
2015-01-25 18:05:29 -0500,426
2015-01-25 13:28:42 -0500,426
2015-01-25 13:28:38 -0500,426
2015-01-25 17:54:17 +0000,426
2015-01-25 12:53:53 -0500,426
2015-01-25 17:26:28 +0000,426
2015-01-25 12:25:55 -0500,426
2015-01-25 12:25:50 -0500,426
2015-01-25 17:25:23 +0000,426
2015-01-25 12:25:01 -0500,426
2015-01-23 12:30:42 +0000,426
2015-01-23 07:30:00 -0500,426
2015-01-23 11:45:39 +0000,426
2015-01-23 06:45:17 -0500,424
2015-01-22 22:05:35 -0800,424
2015-01-22 21:55:19 +0000,424
2015-01-22 16:54:47 -0500,423
2015-01-23 10:53:57 +1300,423
2015-01-22 21:28:56 +0000,423
2015-01-22 16:28:28 -0500,423
2015-01-22 18:42:38 +0000,423
2015-01-22 13:42:10 -0500,423
2015-01-21 13:29:39 +0000,423
2015-01-21 08:29:16 -0500,422
2015-01-20 14:04:36 +0000,422
2015-01-20 09:04:15 -0500,422
2015-01-12 14:19:03 +0000,422
2015-01-12 09:18:33 -0500,421
2015-01-10 16:29:06 -0800,421
2015-01-09 12:05:40 +0000,421
2015-01-09 07:05:18 -0500,420
2015-01-09 11:28:24 +0200,420
2015-01-08 16:01:34 +0000,420
2015-01-08 11:01:11 -0500,420
2015-01-08 22:59:36 +0700,420
2015-01-08 15:31:08 +0000,420
2015-01-08 10:30:39 -0500,417
2015-01-08 15:29:14 +0000,417
2015-01-08 13:59:23 +0000,417
2015-01-08 08:58:58 -0500,409
2015-01-08 10:27:42 +0100,409
2015-01-08 09:09:47 +0100,409
2015-01-07 16:41:44 +0000,409
2015-01-07 11:40:40 -0500,408
2015-01-07 17:36:32 +0100,408
2015-01-05 23:38:58 +0000,408
2015-01-05 18:38:36 -0500,408
2015-01-05 23:37:18 +0000,408
2015-01-05 18:36:57 -0500,407
2015-01-04 09:11:25 -0500,407
2015-01-01 13:00:56 +0000,407
2015-01-01 08:00:36 -0500,406
2014-12-31 08:38:07 +0100,406
2014-12-23 11:33:10 +0000,406
2014-12-23 06:32:50 -0500,405
2014-12-09 11:26:46 -0500,405
2014-12-09 11:25:54 -0500,405
2014-12-09 07:03:15 -0500,405
2014-12-09 12:00:26 +0000,405
2014-12-09 06:59:55 -0500,405
2014-12-09 11:54:54 +0000,405
2014-12-09 06:53:51 -0500,373
2014-12-09 06:53:51 -0500,373
2014-12-09 16:08:08 +1030,373
2014-12-01 23:47:31 +0000,373
2014-12-01 18:46:23 -0500,372
2014-12-02 00:43:03 +0100,372
2014-11-30 19:14:09 +0000,372
2014-11-30 14:13:50 -0500,371
2014-11-25 16:02:50 +0000,371
2014-11-25 11:02:31 -0500,364
2014-11-25 16:59:53 +0100,364
2014-11-24 09:01:29 -0500,364
2014-11-24 08:59:48 -0500,363
2014-11-24 13:58:56 +0000,364
2014-11-24 08:58:19 -0500,363
2014-11-24 14:55:50 +0100,363
2014-11-20 18:01:29 +0000,363
2014-11-20 13:01:11 -0500,361
2014-11-20 12:55:26 -0500,361
2014-11-20 12:14:50 +0000,361
2014-11-20 07:14:27 -0500,360
2014-11-19 22:49:31 -0500,360
2014-11-19 20:32:35 +0000,360
2014-11-19 15:32:18 -0500,359
2014-11-19 15:20:21 -0500,359
2014-11-18 11:47:56 +0000,359
2014-11-18 06:47:36 -0500,358
2014-11-17 23:47:30 -0430,358
2014-11-11 12:32:32 +0000,358
2014-11-11 12:32:08 +0000,357
2014-11-11 10:34:04 +0000,357
2014-11-11 10:33:46 +0000,357
2014-11-10 13:15:57 -0600,357
2014-11-10 15:46:47 +0000,357
2014-11-10 15:46:26 +0000,356
2014-11-10 11:53:16 +0000,356
2014-11-10 11:52:52 +0000,355
2014-11-09 17:58:22 -0500,355
2014-11-08 11:31:43 +0000,355
2014-11-08 06:31:26 -0500,354
2014-11-08 09:08:28 +0100,354
2014-11-06 08:15:51 -0500,354
2014-11-05 17:13:32 +0000,354
2014-11-05 12:13:05 -0500,353
2014-11-05 14:59:38 +0000,353
2014-11-05 09:59:18 -0500,351
2014-11-05 16:57:23 +0200,351
2014-11-04 13:30:05 +0000,351
2014-11-04 08:29:42 -0500,351
2014-11-03 17:07:54 +0000,351
2014-11-03 12:06:41 -0500,350
2014-11-03 17:50:22 +0100,350
2014-11-03 00:00:43 +0000,350
2014-11-02 19:00:03 -0500,350
2014-11-02 18:58:55 -0500,350
2014-11-02 18:56:56 -0500,350
2014-11-02 18:54:47 -0500,350
2014-11-02 18:54:30 -0500,350
2014-11-02 18:53:40 -0500,350
2014-11-02 18:53:06 -0500,350
2014-11-03 00:44:27 +0100,350
2014-10-31 13:23:24 +0000,350
2014-10-31 09:23:05 -0400,349
2014-10-29 13:59:10 +0000,349
2014-10-29 09:58:27 -0400,319
2014-10-29 15:23:39 +0200,319
2014-10-27 12:07:52 +0000,319
2014-10-27 08:07:35 -0400,319
2014-10-27 12:29:45 +0800,319
2014-10-26 11:43:02 +0100,314
2014-10-26 11:39:05 +0100,314
2014-10-25 23:23:42 +0000,319
2014-10-25 19:23:18 -0400,318
2014-10-25 18:57:49 +0000,318
2014-10-25 14:57:32 -0400,318
2014-10-25 20:55:12 +0200,318
2014-10-25 11:17:25 +0000,318
2014-10-25 07:16:59 -0400,317
2014-10-24 13:48:05 +0000,317
2014-10-24 09:47:39 -0400,316
2014-10-24 13:25:24 +0000,316
2014-10-24 09:25:03 -0400,315
2014-10-23 11:56:12 +0000,315
2014-10-23 07:55:39 -0400,315
2014-10-23 11:55:33 +0000,315
2014-10-23 07:55:07 -0400,314
2014-10-23 13:32:15 +0200,314
2014-10-23 13:27:57 +0200,314
2014-10-22 16:04:08 +0200,314
2014-10-20 14:23:00 +0000,314
2014-10-20 10:22:37 -0400,314
2014-10-20 10:13:38 -0400,314
2014-10-18 15:07:13 +0000,314
2014-10-18 11:06:49 -0400,312
2014-10-18 17:54:17 +0300,312
2014-10-17 22:09:06 +0000,312
2014-10-17 18:07:51 -0400,311
2014-10-17 16:58:20 -0500,311
2014-10-17 11:34:31 +0000,311
2014-10-17 07:34:08 -0400,310
2014-10-13 15:00:10 +0000,310
2014-10-13 10:59:49 -0400,306
2014-10-13 14:47:46 +0000,306
2014-10-13 10:47:24 -0400,305
2014-10-10 21:47:24 -0400,305
2014-10-10 19:43:35 -0400,305
2014-10-10 18:16:49 +0000,305
2014-10-10 14:12:11 -0400,304
2014-10-10 14:01:06 -0400,304
2014-10-10 10:57:14 +0000,304
2014-10-10 06:56:55 -0400,303
2014-10-10 10:04:15 +0300,303
2014-10-08 20:47:36 -0400,303
2014-10-08 20:13:05 -0400,303
2014-10-08 01:52:27 +0000,303
2014-10-07 21:52:09 -0400,302
2014-10-08 03:50:44 +0200,302
2014-10-07 22:21:35 +0000,302
2014-10-07 18:21:18 -0400,301
2014-10-07 17:56:25 -0400,301
2014-10-03 10:30:28 +0000,301
2014-10-03 06:30:07 -0400,300
2014-10-02 21:19:27 -0500,300
2014-10-02 18:44:58 +0000,300
2014-10-02 14:45:10 -0400,299
2014-10-01 22:00:39 +0000,299
2014-10-01 18:00:17 -0400,297
2014-10-01 17:58:22 -0400,297
2014-09-29 10:40:16 +0000,297
2014-09-29 06:38:57 -0400,296
2014-09-29 16:04:22 +0530,296
2014-09-28 21:26:38 +0000,296
2014-09-28 17:26:20 -0400,295
2014-09-28 13:09:05 +0200,295
2014-09-25 19:18:13 +0000,295
2014-09-25 15:17:49 -0400,294
2014-09-25 15:09:40 -0400,294
2014-09-25 09:28:52 +0000,294
2014-09-25 05:28:46 -0400,293
2014-09-25 07:36:26 +0000,293
2014-09-25 03:36:08 -0400,293
2014-09-24 18:01:22 -0400,293
2014-09-24 09:53:15 +0000,293
2014-09-24 05:52:56 -0400,291
2014-09-24 10:23:03 +0200,291
2014-09-24 01:19:30 +0000,291
2014-09-23 21:18:31 -0400,290
2014-09-24 03:15:42 +0200,290
2014-09-20 08:06:43 +0000,290
2014-09-20 04:06:22 -0400,291
2014-09-16 10:50:40 -0400,291
2014-09-16 09:42:21 -0400,291
2014-09-16 09:41:58 -0400,291
2014-09-16 08:01:31 -0400,291
2014-09-16 07:40:56 -0400,291
2014-09-16 07:26:51 -0400,291
2014-09-16 07:11:39 -0400,290
2014-09-16 10:17:58 +0000,291
2014-09-16 06:17:32 -0400,290
2014-09-16 11:14:12 +0100,290
2014-09-16 06:08:05 -0400,290
2014-09-15 18:28:06 -0400,290
2014-09-15 18:25:46 -0400,290
2014-09-15 16:00:22 +0000,290
2014-09-15 12:00:01 -0400,289
2014-09-15 15:57:40 +0000,289
2014-09-15 11:57:17 -0400,273
2014-09-15 11:24:45 -0400,273
2014-09-13 16:13:16 +0000,273
2014-09-13 12:12:57 -0400,272
2014-09-13 12:12:36 -0400,272
2014-09-13 12:11:19 -0400,272
2014-09-12 13:45:50 -0700,272
2014-09-11 13:34:34 -0400,272
2014-09-11 13:34:30 -0400,271
2014-09-11 17:07:08 +0000,272
2014-09-11 13:07:08 -0400,271
2014-09-11 09:23:41 +0000,271
2014-09-11 05:23:21 -0400,271
2014-09-11 11:34:57 +0530,271
2014-09-10 14:41:21 +0000,271
2014-09-10 10:40:14 -0400,271
2014-09-10 10:36:01 -0400,271
2014-09-10 12:12:39 +0000,271
2014-09-10 08:12:13 -0400,270
2014-09-09 21:18:16 +0000,270
2014-09-09 17:17:53 -0400,269
2014-09-09 21:15:20 +0000,269
2014-09-09 17:14:55 -0400,270
2014-09-09 15:18:02 -0400,270
2014-09-09 15:00:02 -0400,270
2014-09-09 14:59:49 -0400,270
2014-09-09 14:59:44 -0400,270
2014-09-09 14:53:41 -0400,270
2014-09-09 14:49:40 -0400,270
2014-09-09 14:47:17 -0400,270
2014-09-09 14:43:36 -0400,270
2014-09-09 17:17:09 +0000,270
2014-09-09 13:17:04 -0400,270
2014-09-09 13:16:58 -0400,270
2014-09-09 13:16:28 -0400,270
2014-09-09 13:10:13 -0400,270
2014-09-09 16:14:11 +0000,270
2014-09-09 12:13:18 -0400,269
2014-09-09 12:09:34 -0400,269
2014-09-09 10:02:31 -0400,269
2014-09-09 12:27:41 +0000,269
2014-09-09 08:27:23 -0400,268
2014-09-09 17:37:14 +0530,268
2014-09-01 15:04:51 +0000,268
2014-09-01 11:04:30 -0400,267
2014-08-30 22:23:11 +0000,267
2014-08-30 18:22:43 -0400,266
2014-08-30 13:15:23 -0700,266
2014-08-30 13:08:25 -0700,266
2014-08-29 12:21:04 +0000,266
2014-08-29 08:20:40 -0400,265
2014-08-26 12:18:49 +0000,265
2014-08-26 08:18:29 -0400,264
2014-08-26 14:36:06 +0800,264
2014-08-24 18:50:49 +0000,264
2014-08-24 14:50:53 -0400,263
2014-08-22 17:51:19 +0000,263
2014-08-22 13:50:59 -0400,263
2014-08-22 13:46:48 -0400,263
2014-08-19 18:36:57 +0000,263
2014-08-19 14:36:38 -0400,262
2014-08-19 14:21:07 -0400,262
2014-08-16 21:19:33 +0000,262
2014-08-16 17:19:14 -0400,260
2014-08-16 15:16:08 -0600,260
2014-08-16 14:21:48 +0000,260
2014-08-16 10:21:24 -0400,259
2014-08-15 15:59:12 +0000,259
2014-08-15 11:59:14 -0400,258
2014-08-15 15:57:57 +0000,258
2014-08-15 11:57:36 -0400,258
2014-08-15 15:56:30 +0000,258
2014-08-15 11:56:33 -0400,258
2014-08-15 15:49:52 +0000,258
2014-08-15 11:49:34 -0400,257
2014-08-15 11:30:11 -0400,257
2014-08-13 13:56:20 -0400,257
2014-08-13 12:53:36 -0400,257
2014-08-13 12:52:59 -0400,257
2014-08-13 12:44:32 -0400,257
2014-08-13 11:55:01 -0400,257
2014-08-13 11:50:31 -0400,257
2014-08-13 10:31:04 -0400,257
2014-08-13 14:23:49 +0000,257
2014-08-13 10:23:34 -0400,256
2014-08-13 14:19:26 +0000,256
2014-08-13 10:19:21 -0400,256
2014-08-13 10:19:15 -0400,256
2014-08-13 14:03:25 +0000,256
2014-08-13 10:03:24 -0400,256
2014-08-12 13:51:56 +0100,256
2014-08-12 11:25:23 +0100,256
2014-08-09 09:14:41 +0000,256
2014-08-09 05:14:26 -0400,255
2014-08-08 21:48:22 -0400,255
2014-08-07 15:46:50 -0400,255
2014-08-07 15:46:46 -0400,255
2014-08-07 19:42:13 +0000,255
2014-08-07 15:41:53 -0400,255
2014-08-07 15:41:45 -0400,254
2014-08-07 19:40:56 +0000,255
2014-08-07 15:40:41 -0400,254
2014-08-07 15:26:36 -0400,254
2014-08-07 15:25:54 -0400,254
2014-08-07 12:44:13 +0000,254
2014-08-07 08:43:46 -0400,253
2014-08-07 12:42:56 +0000,253
2014-08-07 08:42:32 -0400,252
2014-08-07 12:41:16 +0000,252
2014-08-07 08:40:45 -0400,251
2014-08-07 12:39:03 +0000,251
2014-08-07 08:38:45 -0400,250
2014-08-06 10:48:09 -0400,250
2014-08-06 14:47:55 +0000,250
2014-08-06 10:47:26 -0400,249
2014-08-06 09:46:27 -0500,249
2014-08-05 22:03:56 -0500,249
2014-08-05 16:16:31 +0000,249
2014-08-05 12:16:08 -0400,249
2014-08-04 11:49:09 +0000,249
2014-08-04 07:48:41 -0400,247
2014-08-01 12:13:57 -0400,247
2014-08-01 12:11:14 -0400,247
2014-08-01 12:11:11 -0400,246
2014-08-01 15:54:54 +0000,247
2014-08-01 11:54:37 -0400,246
2014-08-01 11:46:27 -0400,246
2014-08-01 10:01:32 +0000,246
2014-08-01 06:01:04 -0400,245
2014-08-01 06:00:59 -0400,244
2014-07-31 13:51:36 +0000,245
2014-07-31 09:50:52 -0400,244
2014-07-31 13:41:55 +0000,244
2014-07-31 09:41:36 -0400,243
2014-07-30 15:27:00 +0000,243
2014-07-30 11:26:43 -0400,243
2014-07-30 17:24:27 +0200,243
2014-07-30 10:35:36 +0000,243
2014-07-30 06:35:03 -0400,242
2014-07-30 18:06:36 +0800,241
2014-07-30 09:41:49 +0000,242
2014-07-30 05:41:26 -0400,241
2014-07-30 12:56:44 +0800,241
2014-07-30 12:48:10 +0800,241
2014-07-29 17:57:57 -0400,241
2014-07-29 17:53:39 -0400,241
2014-07-29 21:35:26 +0000,241
2014-07-29 17:35:01 -0400,241
2014-07-25 00:56:16 +0000,241
2014-07-24 20:55:57 -0400,240
2014-07-24 18:04:12 -0400,240
2014-07-24 17:09:44 -0400,240
2014-07-22 17:31:43 +0000,240
2014-07-22 13:31:21 -0400,239
2014-07-22 19:05:57 +0200,239
2014-07-18 12:16:09 +0000,239
2014-07-18 08:15:36 -0400,239
2014-07-18 11:44:58 +0000,239
2014-07-18 07:44:39 -0400,239
2014-07-17 05:33:19 -0400,239
2014-07-17 05:33:14 -0400,239
2014-07-17 09:31:11 +0000,239
2014-07-17 05:30:43 -0400,239
2014-07-15 18:37:23 +0000,239
2014-07-15 14:36:58 -0400,239
2014-07-11 01:50:58 +0000,239
2014-07-10 21:50:38 -0400,237
2014-07-11 07:40:28 +0600,235
2014-07-10 23:18:52 +0600,235
2014-07-10 13:39:32 +0000,237
2014-07-10 09:39:06 -0400,235
2014-07-08 11:43:11 +0000,235
2014-07-08 07:42:47 -0400,234
2014-07-07 13:10:00 +0000,234
2014-07-07 09:09:40 -0400,234
2014-07-07 09:09:36 -0400,233
2014-07-07 12:49:50 +0000,234
2014-07-07 08:49:32 -0400,233
2014-07-01 19:49:54 +0000,233
2014-07-01 15:49:38 -0400,232
2014-07-01 15:43:49 -0400,232
2014-07-01 12:19:05 +0000,232
2014-07-01 08:18:42 -0400,223
2014-07-01 12:16:01 +0000,223
2014-07-01 08:15:42 -0400,221
2014-07-01 08:15:24 -0400,221
2014-07-01 12:14:11 +0000,221
2014-07-01 08:13:54 -0400,220
2014-07-01 12:43:23 +0200,220
2014-07-01 03:19:20 -0400,220
2014-07-01 09:48:14 +0300,220
2014-07-01 14:35:57 +0800,220
2014-06-27 12:34:21 -0400,220
2014-06-27 12:34:16 -0400,220
2014-06-25 12:50:20 +0000,220
2014-06-25 08:50:01 -0400,220
2014-06-24 21:09:04 +0000,220
2014-06-24 17:08:48 -0400,219
2014-06-24 22:05:21 +0200,219
2014-06-24 17:41:34 +0000,219
2014-06-24 13:41:09 -0400,219
2014-06-24 12:41:09 +0000,219
2014-06-24 08:40:23 -0400,219
2014-06-24 08:40:17 -0400,218
2014-06-18 17:20:40 +0000,219
2014-06-18 13:20:23 -0400,218
2014-06-17 15:52:28 -0400,218
2014-06-13 14:57:49 +0000,218
2014-06-13 10:55:33 -0400,217
2014-06-13 10:53:49 -0400,217
2014-06-10 10:59:22 -0400,217
2014-06-05 18:57:44 -0400,217
2014-06-05 17:13:53 -0400,217
2014-06-05 17:13:48 -0400,216
2014-06-05 08:45:23 +0000,217
2014-06-05 04:45:06 -0400,216
2014-06-04 19:20:03 +0000,216
2014-06-04 15:19:35 -0400,217
2014-06-04 14:55:41 -0400,217
2014-06-03 10:52:33 -0400,217
2014-06-03 14:50:09 +0000,217
2014-06-03 10:49:49 -0400,212
2014-06-03 10:48:59 -0400,212
2014-06-03 10:29:14 -0400,212
2014-06-03 10:09:30 -0400,212
2014-06-03 09:00:57 -0400,212
2014-06-03 14:45:33 +0200,212
2014-06-01 20:07:42 -0400,212
2014-06-01 20:06:08 -0400,212
2014-05-30 17:03:22 -0400,212
2014-05-30 21:02:15 +0000,212
2014-05-30 17:01:59 -0400,212
2014-05-30 16:56:31 -0400,212
2014-05-30 16:56:20 -0400,212
2014-05-30 20:56:10 +0000,212
2014-05-30 16:55:47 -0400,212
2014-05-30 16:55:43 -0400,212
2014-05-30 16:52:26 -0400,212
2014-05-30 16:51:20 -0400,212
2014-05-30 16:50:02 -0400,212
2014-05-30 16:48:55 -0400,212
2014-05-30 16:46:15 -0400,212
2014-05-30 22:01:17 +0200,212
2014-05-30 15:32:43 -0400,212
2014-05-30 15:31:58 -0400,212
2014-05-30 15:30:18 -0400,212
2014-05-30 15:27:31 -0400,212
2014-05-30 15:26:52 -0400,212
2014-05-30 15:23:52 -0400,212
2014-05-30 15:23:18 -0400,212
2014-05-30 15:18:59 -0400,212
2014-05-30 15:18:05 -0400,212
2014-05-30 15:17:24 -0400,212
2014-05-30 19:08:24 +0000,212
2014-05-30 15:08:03 -0400,212
2014-05-30 15:05:50 -0400,212
2014-05-30 15:04:43 -0400,212
2014-05-30 15:00:58 -0400,212
2014-05-30 14:50:21 -0400,212
2014-05-30 14:48:20 -0400,212
2014-05-30 14:44:44 -0400,212
2014-05-30 14:44:02 -0400,212
2014-05-30 14:39:33 -0400,212
2014-05-30 14:34:38 -0400,212
2014-05-30 14:32:44 -0400,212
2014-05-30 14:31:46 -0400,212
2014-05-30 14:31:27 -0400,211
2014-05-30 14:31:20 -0400,211
2016-03-15 14:17:57 +0000,694
2016-03-15 15:16:55 +0100,684
2016-03-15 12:38:44 +0100,684
2016-03-15 12:35:25 +0100,684
2016-03-15 12:31:59 +0100,684
2016-03-15 12:28:49 +0100,684
2016-03-15 12:22:03 +0100,684
2016-03-15 12:18:23 +0100,684
2016-03-14 15:06:18 -0700,684
2016-03-10 14:19:11 +0100,684
2016-03-10 14:14:22 +0100,684
2016-03-10 14:13:32 +0100,684
2016-03-03 17:05:24 -0500,684
2016-03-02 16:23:48 -0500,684
2016-03-02 16:04:02 -0500,684
2016-03-02 15:26:33 -0500,684
2016-02-29 11:38:05 -0800,684
2016-02-26 20:16:31 -0800,684
2016-02-26 22:38:42 -0500,684
2016-02-25 15:34:16 +0000,684
2016-02-25 16:32:43 +0100,683
2016-02-25 16:27:59 +0100,683
2016-02-25 14:50:22 +0100,683
2016-02-24 15:22:05 +0000,683
2016-02-24 16:21:06 +0100,683
2016-02-24 04:59:03 -0500,683
2016-02-23 13:26:01 +0000,683
2016-02-23 14:24:58 +0100,682
2016-02-23 13:26:52 +0100,682
2016-02-23 13:23:36 +0100,682
2016-02-23 13:20:16 +0100,682
2016-02-17 12:15:18 +0100,682
2016-02-16 15:17:10 -0800,682
2016-02-16 15:13:19 -0800,682
2016-02-16 12:32:33 +0000,682
2016-02-16 13:31:25 +0100,667
2016-02-16 13:27:01 +0100,667
2016-02-16 13:01:30 +0100,667
2016-02-16 12:35:40 +0100,667
2016-02-16 12:31:49 +0100,667
2016-02-16 11:45:42 +0100,667
2016-02-15 20:33:29 -0800,667
2016-02-12 18:57:41 +0000,667
2016-02-12 18:55:59 +0000,667
2016-02-12 18:55:15 +0000,667
2016-02-08 09:45:16 -0500,667
2016-02-08 09:33:12 -0500,667
2016-02-05 11:06:21 +0000,667
2016-02-05 12:04:49 +0100,651
2016-02-05 11:57:02 +0100,651
2016-02-05 11:36:24 +0100,651
2016-02-05 11:32:45 +0100,651
2016-02-05 11:30:06 +0100,651
2016-02-05 11:27:10 +0100,651
2016-02-05 11:24:44 +0100,651
2016-02-05 11:22:09 +0100,651
2016-02-05 11:15:06 +0100,651
2016-02-05 11:08:02 +0100,651
2016-02-05 11:01:41 +0100,651
2016-02-05 10:56:46 +0100,651
2016-02-05 10:51:50 +0100,651
2016-02-05 10:48:22 +0100,651
2016-02-05 10:21:21 +0100,651
2016-02-04 15:23:58 +0100,651
2016-02-04 15:15:36 +0100,651
2016-02-03 11:41:29 +0000,651
2016-02-03 12:40:00 +0100,640
2016-02-03 12:37:35 +0100,640
2016-02-03 12:35:04 +0100,640
2016-02-03 12:28:34 +0100,640
2016-02-03 12:23:55 +0100,640
2016-02-01 16:43:05 +0100,640
2016-02-01 16:29:56 +0100,640
2016-02-01 15:13:20 +0100,640
2016-02-01 15:09:00 +0100,640
2016-02-01 15:00:22 +0100,640
2016-02-01 14:56:11 +0100,640
2016-02-01 14:51:37 +0100,640
2016-01-25 14:16:50 +0000,640
2016-01-25 15:14:23 +0100,637
2016-01-25 14:52:39 +0100,637
2016-01-25 14:32:20 +0100,637
2016-01-25 14:06:36 +0100,637
2016-01-25 14:06:01 +0100,637
2016-01-24 20:49:49 +0700,637
2016-01-24 00:59:59 +0100,637
2016-01-22 23:24:21 -0500,637
2016-01-22 15:49:53 +0000,637
2016-01-22 16:48:44 +0100,613
2016-01-22 16:44:56 +0100,613
2016-01-22 16:41:00 +0100,613
2016-01-22 14:50:21 +0100,613
2016-01-22 14:47:28 +0100,613
2016-01-22 13:48:10 +0100,613
2016-01-22 13:41:20 +0100,613
2016-01-20 11:32:54 -0600,613
2016-01-19 10:43:33 +0100,613
2016-01-16 14:58:39 +0100,613
2016-01-16 14:58:39 +0100,613
2016-01-16 14:58:39 +0100,613
2016-01-16 14:58:38 +0100,613
2016-01-16 14:58:38 +0100,613
2016-01-16 14:58:38 +0100,613
2016-01-16 14:58:38 +0100,613
2016-01-16 14:58:38 +0100,613
2016-01-16 13:56:22 +0100,613
2016-01-16 13:27:30 +0100,613
2016-01-16 13:25:47 +0100,613
2016-01-16 13:23:55 +0100,613
2016-01-16 13:21:18 +0100,613
2016-01-16 13:19:36 +0100,613
2016-01-16 00:01:53 +0100,613
2016-01-15 23:59:44 +0100,613
2016-01-15 23:56:57 +0100,613
2016-01-15 23:55:31 +0100,613
2016-01-15 15:22:45 +0000,613
2016-01-15 16:21:41 +0100,600
2016-01-15 16:19:30 +0100,600
2016-01-15 16:18:41 +0100,600
2016-01-15 16:18:10 +0100,600
2016-01-15 16:16:38 +0100,600
2016-01-15 16:12:51 +0100,600
2016-01-15 16:11:50 +0100,600
2016-01-15 16:10:53 +0100,600
2016-01-15 16:10:01 +0100,600
2016-01-15 14:22:46 +0200,600
2016-01-15 14:11:33 +0200,600
2016-01-15 14:04:32 +0200,600
2016-01-15 06:31:25 -0500,600
2016-01-15 06:28:41 -0500,600
2016-01-15 12:09:58 +0100,600
2016-01-14 01:20:23 +0100,600
2016-01-11 17:41:26 +0100,600
2016-01-11 17:39:58 +0100,600
2016-01-11 17:39:58 +0100,600
2016-01-11 17:35:25 +0100,600
2016-01-11 17:25:28 +0100,600
2016-01-11 17:22:23 +0100,600
2016-01-11 16:55:10 +0100,600
2016-01-11 16:39:31 +0100,600
2016-01-11 16:39:31 +0100,600
2016-01-11 16:29:19 +0100,600
2016-01-11 16:27:56 +0100,600
2016-01-11 16:26:27 +0100,600
2016-01-11 15:15:51 +0700,600
2016-01-11 15:04:47 +0700,600
2016-01-11 14:59:57 +0700,600
2016-01-11 14:50:33 +0700,600
2016-01-11 14:31:54 +0700,600
2016-01-10 22:20:32 +0100,600
2016-01-10 17:38:57 -0200,600
2016-01-08 14:49:40 +0000,600
2016-01-08 15:48:57 +0100,598
2016-01-08 15:45:57 +0100,598
2016-01-05 14:48:52 -0500,598
2016-01-05 09:17:34 -0700,598
2016-01-05 08:17:04 -0800,598
2016-01-05 14:10:07 +0000,598
2016-01-05 15:09:24 +0100,595
2016-01-05 15:06:01 +0100,595
2016-01-05 14:59:17 +0100,595
2016-01-05 14:54:06 +0100,595
2015-12-17 17:21:33 +0000,595
2015-12-17 18:20:50 +0100,591
2015-12-17 18:14:55 +0100,591
2015-12-17 17:35:02 +0100,591
2015-12-17 17:30:33 +0100,591
2015-12-17 16:00:58 +0100,591
2015-12-08 15:15:22 +0000,591
2015-12-08 16:14:39 +0100,584
2015-12-08 16:10:52 +0100,584
2015-12-08 16:06:10 +0100,584
2015-12-08 15:59:58 +0100,584
2015-12-07 16:59:54 +0100,581
2015-12-07 16:19:18 +0100,581
2015-12-07 16:06:14 +0100,581
2015-12-07 14:47:59 +0000,584
2015-12-07 15:47:13 +0100,581
2015-12-07 15:45:49 +0100,581
2015-12-07 15:42:53 +0100,581
